{
  "account": "trading",
  "prices": {
    "BTC-USD": 119081.455,
    "ETH-USD": 4652.605,
    "LINK-USD": 22.5025,
    "SOL-USD": 197.095
  },
  "balances": {
    "BTC-USD": 0.39852261517389687,
    "ETH-USD": 7.679339887682553,
    "LINK-USD": 646.9776449999999,
    "SOL-USD": 76.088704,
    "USD": 109669.05436502576
  },
  "weights": {
    "BTC-USD": 0.42093553014216806,
    "ETH-USD": 0.3169119049522338,
    "LINK-USD": 0.12913338224299634,
    "SOL-USD": 0.1330191826626018
  },
  "targets": {
    "BTC": 0.4343,
    "ETH": 0.24870000000000003,
    "SOL": 0.1674,
    "LINK": 0.1495
  },
  "crypto_val": 112740.9055949365,
  "actions": [
    {
      "symbol": "ETH-USD",
      "side": "sell",
      "px": 4652.605,
      "px_eff": 4642.8345295,
      "qty": 1.6563,
      "usd": -7689.926831210851,
      "est_fee_bps": 6.0,
      "est_slip_bps": 15.0
    },
    {
      "symbol": "SOL-USD",
      "side": "buy",
      "px": 197.095,
      "px_eff": 197.50889949999998,
      "qty": 31.005,
      "usd": 6123.763428997499,
      "est_fee_bps": 6.0,
      "est_slip_bps": 15.0,
      "note": "cash_deploy"
    },
    {
      "symbol": "LINK-USD",
      "side": "buy",
      "px": 22.5025,
      "px_eff": 22.54975525,
      "qty": 178.13,
      "usd": 4016.7879026825,
      "est_fee_bps": 6.0,
      "est_slip_bps": 15.0,
      "note": "cash_deploy"
    },
    {
      "symbol": "SOL-USD",
      "side": "buy",
      "px": 197.095,
      "px_eff": 197.50889949999998,
      "qty": 19.625,
      "usd": 3876.1121526874995,
      "est_fee_bps": 6.0,
      "est_slip_bps": 15.0
    },
    {
      "symbol": "BTC-USD",
      "side": "buy",
      "px": 119081.455,
      "px_eff": 119331.5260555,
      "qty": 0.022080000000000002,
      "usd": 2634.84009530544,
      "est_fee_bps": 6.0,
      "est_slip_bps": 15.0,
      "note": "cash_deploy"
    }
  ],
  "config": {
    "band": 0.02183164778449039,
    "min_trade_usd": 2000.0,
    "move_fraction": 1.0,
    "daily_turnover_cap_usd": 25000.0,
    "per_asset_cap_usd": {
      "SOL-USD": 10000.0,
      "LINK-USD": 10000.0
    },
    "taker_fee_bps": 6.0,
    "slippage_bps": 15.0,
    "qty_step": {
      "BTC-USD": 1e-05,
      "ETH-USD": 0.0001,
      "SOL-USD": 0.001,
      "LINK-USD": 0.01
    },
    "max_trade_count": 6,
    "ensure_cash": true,
    "momentum": {
      "enabled": true,
      "lookback_days": 60,
      "tilt_max_pct": 0.1,
      "tilt_strength": 1.3
    },
    "satellite_gate": {
      "max_weight_pct": {
        "LINK": 0.2,
        "SOL": 0.2
      },
      "symbols": [
        "SOL",
        "LINK"
      ],
      "lookback_days": 60,
      "enabled": true,
      "threshold_ret": 0.0
    },
    "band_dynamic": {
      "target_ann_vol": 0.4,
      "enabled": true,
      "max": 0.07,
      "lookback_days": 30,
      "base": 0.03,
      "min": 0.02
    },
    "cash": {
      "auto_deploy_usd_per_day": 15000,
      "pro_rata_underweights": true,
      "floor_usd": 30000
    }
  }
}