{
  "targets_trading": {
    "BTC": 0.4343,
    "ETH": 0.2487,
    "SOL": 0.1674,
    "LINK": 0.1495
  },
  "bands_pct": 0.035,
  "min_trade_usd": 2000,
  "move_fraction": 1.0,
  "daily_turnover_cap_usd": 25000,
  "per_asset_cap_usd": {
    "SOL": 10000,
    "LINK": 10000
  },
  "taker_fee_bps": 6,
  "slippage_bps": 15,
  "qty_step": {
    "BTC": 1e-05,
    "ETH": 0.0001,
    "SOL": 0.001,
    "LINK": 0.01
  },
  "max_trade_count": 6,
  "ensure_cash": true,
  "momentum": {
    "enabled": true,
    "lookback_days": 60,
    "tilt_max_pct": 0.1,
    "tilt_strength": 1.3
  },
  "satellite_gate": {
    "max_weight_pct": {
      "LINK": 0.2,
      "SOL": 0.2
    },
    "symbols": [
      "SOL",
      "LINK"
    ],
    "lookback_days": 60,
    "enabled": true,
    "threshold_ret": 0.0
  },
  "cash": {
    "auto_deploy_usd_per_day": 15000,
    "pro_rata_underweights": true,
    "floor_usd": 30000
  },
  "band_dynamic": {
    "target_ann_vol": 0.4,
    "enabled": true,
    "max": 0.07,
    "lookback_days": 30,
    "base": 0.03,
    "min": 0.02
  },
  "risk_stops": {
    "halt_on_stale": true,
    "min_price_age_sec": 900,
    "max_30d_drawdown": -0.12
  }
}