{
  "account": "trading",
  "prices": {
    "BTC-USD": 65000.0,
    "ETH-USD": 3500.0,
    "LINK-USD": 18.25,
    "SOL-USD": 155.0
  },
  "balances": {
    "BTC-USD": 0.48384600000000005,
    "ETH-USD": 6.747052999999999,
    "LINK-USD": 646.9776449999999,
    "SOL-USD": 76.088704,
    "USD": 103834.23335875
  },
  "weights": {
    "BTC-USD": 0.3997925825019363,
    "ETH-USD": 0.3001901145601644,
    "LINK-USD": 0.15009504801620505,
    "SOL-USD": 0.14992225492169434
  },
  "targets": {
    "BTC": 0.4,
    "ETH": 0.3,
    "SOL": 0.15,
    "LINK": 0.15
  },
  "crypto_val": 78665.76664125,
  "actions": [],
  "config": {
    "band": 0.035,
    "min_trade_usd": 2000.0,
    "move_fraction": 1.0,
    "daily_turnover_cap_usd": 25000.0,
    "per_asset_cap_usd": {
      "SOL-USD": 10000.0,
      "LINK-USD": 10000.0
    }
  }
}